{
  "dev": {
    "accuracy": 0.8287671232876712,
    "precision": 0.7652656621728786,
    "recall": 0.8435314685314685,
    "f1": 0.8024948024948025,
    "roc_auc": 0.9100057917542581
  },
  "test": {
    "accuracy": 0.7855641205325858,
    "precision": 0.7397260273972602,
    "recall": 0.823170731707317,
    "f1": 0.7792207792207793,
    "roc_auc": 0.8689906697826706
  },
  "train_config": {
    "split": "topic_hard",
    "epochs": 3,
    "batch_size": 64,
    "lr": 0.001,
    "seed": 42
  }
}