{
  "dev": {
    "accuracy": 0.8557894736842105,
    "precision": 0.826417704011065,
    "recall": 0.8819188191881919,
    "f1": 0.8532666904676901,
    "roc_auc": 0.9295432499475498
  },
  "test": {
    "accuracy": 0.8411083830235005,
    "precision": 0.8155136268343816,
    "recall": 0.8606194690265486,
    "f1": 0.83745963401507,
    "roc_auc": 0.9169818766586754
  },
  "config": {
    "model_type": "logreg",
    "text_col": "text",
    "max_features": 50000,
    "c_value": 1.0
  }
}