{
  "dev": {
    "accuracy": 0.8554385964912281,
    "precision": 0.8322762508809021,
    "recall": 0.8715867158671586,
    "f1": 0.8514780100937275,
    "roc_auc": 0.9332910439472287
  },
  "test": {
    "accuracy": 0.8404068747807787,
    "precision": 0.8161403508771929,
    "recall": 0.8576696165191741,
    "f1": 0.8363897878460985,
    "roc_auc": 0.9214670830003648
  },
  "train_config": {
    "epochs": 3,
    "batch_size": 64,
    "lr": 0.001,
    "seed": 42
  }
}