{
  "dev": {
    "accuracy": 0.8316510454217736,
    "precision": 0.7813798836242727,
    "recall": 0.8216783216783217,
    "f1": 0.8010225820195995,
    "roc_auc": 0.9139994208245742
  },
  "test": {
    "accuracy": 0.806937631394534,
    "precision": 0.7704335465529495,
    "recall": 0.8262195121951219,
    "f1": 0.79735196763516,
    "roc_auc": 0.8867952413716743
  },
  "config": {
    "model_type": "logreg",
    "text_col": "text",
    "max_features": 50000,
    "c_value": 1.0
  }
}