{
  "dev": {
    "accuracy": 0.8543859649122807,
    "precision": 0.8507462686567164,
    "recall": 0.8413284132841329,
    "f1": 0.8460111317254174,
    "roc_auc": 0.9327554332399511
  },
  "test": {
    "accuracy": 0.8383023500526131,
    "precision": 0.8377358490566038,
    "recall": 0.8185840707964602,
    "f1": 0.8280492353599403,
    "roc_auc": 0.9203534890145124
  },
  "train_config": {
    "split": "standard",
    "epochs": 3,
    "batch_size": 64,
    "lr": 0.001,
    "seed": 42
  }
}